{"eval_loss": 0.37915974855422974, "eval_accuracy": 0.893720805644989, "eval_runtime": 297.1927, "eval_samples_per_second": 33.117, "eval_steps_per_second": 4.142}