{"eval_loss": 0.3618428111076355, "eval_accuracy": 0.864560067653656, "eval_runtime": 16.81, "eval_samples_per_second": 585.484, "eval_steps_per_second": 73.23}