{"eval_loss": 0.3466408848762512, "eval_accuracy": 0.8789880275726318, "eval_runtime": 16.7422, "eval_samples_per_second": 587.855, "eval_steps_per_second": 73.527}