{"eval_loss": 1.1078684329986572, "eval_accuracy": 0.4066246747970581, "eval_runtime": 16.814, "eval_samples_per_second": 585.345, "eval_steps_per_second": 73.213}