{"eval_loss": 0.7276269197463989, "eval_accuracy": 0.6982320547103882, "eval_runtime": 337.182, "eval_samples_per_second": 29.189, "eval_steps_per_second": 3.651}