{"eval_loss": 0.7520118951797485, "eval_accuracy": 0.6710018515586853, "eval_runtime": 16.8719, "eval_samples_per_second": 583.338, "eval_steps_per_second": 72.962}